{"stats":{"minecraft:killed_by":{"jujutsucraft:transfigured_human_3":1,"jujutsucraft:cursed_spirit_grade_29":1,"jujutsucraft:mimiko":1,"jujutsucraft:yaga_masamichi":1},"minecraft:killed":{"jujutsucraft:mimiko":1,"minecraft:sheep":5,"jujutsucraft:stevenson_screen":2,"jujutsucraft:cursed_spirit_grade_33":4,"jujutsucraft:cursed_spirit_grade_314":4,"jujutsucraft:cursed_spirit_grade_311":1,"jujutsucraft:cursed_spirit_grade_310":1,"minecraft:chicken":1,"minecraft:salmon":23,"jujutsucraft:cursed_spirit_grade_35":1,"jujutsucraft:cursed_spirit_grade_317":1,"jujutsucraft:cursed_spirit_grade_318":1,"jujutsucraft:cursed_spirit_grade_315":1,"jujutsucraft:cursed_spirit_grade_34":2,"minecraft:cow":8},"minecraft:mined":{"minecraft:large_fern":1,"minecraft:ice":4,"minecraft:grass_block":1},"minecraft:custom":{"minecraft:time_since_rest":4456,"minecraft:sprint_one_cm":158851,"minecraft:damage_taken":3377,"minecraft:walk_one_cm":228735,"minecraft:mob_kills":58,"minecraft:drop":16,"minecraft:damage_dealt":344,"minecraft:swim_one_cm":30721,"minecraft:fly_one_cm":422682,"minecraft:crouch_one_cm":5173,"minecraft:play_time":15471,"minecraft:deaths":12,"minecraft:sneak_time":528,"minecraft:walk_under_water_one_cm":16774,"minecraft:jump":489,"minecraft:damage_dealt_resisted":2353,"minecraft:leave_game":2,"minecraft:time_since_death":4445,"minecraft:walk_on_water_one_cm":5561,"minecraft:total_world_time":15471,"minecraft:damage_resisted":94,"minecraft:fall_one_cm":12962},"minecraft:picked_up":{"minecraft:spruce_leaves":2,"minecraft:chicken":1,"minecraft:salmon":22,"minecraft:leather":11,"jujutsucraft:uniform_normal_boots":1,"jujutsucraft:sword_okkotsu_yuta":1,"minecraft:sand":4,"jujutsucraft:uniform_normal_chestplate":1,"minecraft:spruce_sapling":1,"minecraft:ink_sac":2,"jujutsucraft:uniform_gojo_chestplate":1,"minecraft:dirt":2,"jujutsucraft:uniform_normal_leggings":1,"jujutsucraft:naginata":1,"minecraft:beef":12,"minecraft:bone_meal":2,"minecraft:rabbit":1,"minecraft:mutton":5,"minecraft:white_wool":2,"jujutsucraft:blindfold_bandage_helmet":1},"minecraft:used":{"minecraft:rabbit":1,"minecraft:chicken":1,"jujutsucraft:clothes_sukuna_fushiguro_chestplate":1,"jujutsucraft:naginata":2,"minecraft:salmon":7,"minecraft:white_wool":2,"minecraft:dirt":1,"minecraft:mutton":1,"jujutsucraft:clothes_fushiguro_toji_leggings":1,"jujutsucraft:clothes_zenin_boots":1},"minecraft:dropped":{"minecraft:dirt":1,"jujutsucraft:uniform_normal_leggings":2,"jujutsucraft:blindfold_bandage_helmet":1,"minecraft:sand":4,"jujutsucraft:uniform_normal_boots":2,"jujutsucraft:uniform_normal_chestplate":2,"minecraft:spruce_sapling":1,"jujutsucraft:uniform_gojo_chestplate":1,"minecraft:spruce_leaves":2}},"DataVersion":3465}