{"stats":{"minecraft:mined":{"minecraft:large_fern":1,"minecraft:ice":4},"minecraft:killed":{"jujutsucraft:mimiko":1,"minecraft:sheep":1,"jujutsucraft:cursed_spirit_grade_33":4,"jujutsucraft:cursed_spirit_grade_314":3,"jujutsucraft:cursed_spirit_grade_310":1,"minecraft:chicken":1,"jujutsucraft:cursed_spirit_grade_35":1,"jujutsucraft:cursed_spirit_grade_318":1,"jujutsucraft:cursed_spirit_grade_315":1,"jujutsucraft:cursed_spirit_grade_34":2},"minecraft:custom":{"minecraft:time_since_rest":2131,"minecraft:sprint_one_cm":86937,"minecraft:damage_taken":3308,"minecraft:walk_one_cm":147593,"minecraft:mob_kills":18,"minecraft:drop":16,"minecraft:damage_dealt":144,"minecraft:fly_one_cm":331505,"minecraft:crouch_one_cm":4981,"minecraft:play_time":10169,"minecraft:deaths":11,"minecraft:sneak_time":421,"minecraft:walk_under_water_one_cm":1693,"minecraft:jump":308,"minecraft:damage_dealt_resisted":2177,"minecraft:leave_game":1,"minecraft:walk_on_water_one_cm":1793,"minecraft:time_since_death":2118,"minecraft:total_world_time":10169,"minecraft:damage_resisted":73,"minecraft:fall_one_cm":6752},"minecraft:picked_up":{"minecraft:chicken":1,"jujutsucraft:uniform_normal_boots":1,"minecraft:sand":4,"jujutsucraft:uniform_normal_chestplate":1,"minecraft:spruce_sapling":1,"minecraft:ink_sac":2,"jujutsucraft:uniform_gojo_chestplate":1,"minecraft:dirt":1,"jujutsucraft:uniform_normal_leggings":1,"minecraft:rabbit":1,"minecraft:mutton":1,"minecraft:white_wool":1,"minecraft:spruce_leaves":2,"jujutsucraft:blindfold_bandage_helmet":1},"minecraft:dropped":{"minecraft:dirt":1,"jujutsucraft:uniform_normal_leggings":2,"jujutsucraft:blindfold_bandage_helmet":1,"minecraft:sand":4,"jujutsucraft:uniform_normal_boots":2,"jujutsucraft:uniform_normal_chestplate":2,"minecraft:spruce_sapling":1,"jujutsucraft:uniform_gojo_chestplate":1,"minecraft:spruce_leaves":2},"minecraft:used":{"jujutsucraft:clothes_zenin_boots":1,"minecraft:rabbit":1,"minecraft:chicken":1,"jujutsucraft:clothes_sukuna_fushiguro_chestplate":1,"minecraft:mutton":1,"jujutsucraft:clothes_fushiguro_toji_leggings":1},"minecraft:killed_by":{"jujutsucraft:cursed_spirit_grade_29":1,"jujutsucraft:mimiko":1,"jujutsucraft:yaga_masamichi":1}},"DataVersion":3465}