{"stats":{"minecraft:killed_by":{"jujutsucraft:zenin_chojuro":1,"jujutsucraft:uraume":1,"jujutsucraft:mechamaru":1,"jujutsucraft:cursed_spirit_grade_22":1},"minecraft:killed":{"jujutsucraft:transfigured_human_3":1,"jujutsucraft:cursed_spirit_grade_33":2,"jujutsucraft:stevenson_screen":1,"jujutsucraft:cursed_spirit_grade_314":1,"jujutsucraft:cursed_spirit_grade_313":1,"jujutsucraft:cursed_spirit_grade_310":1,"minecraft:salmon":1,"jujutsucraft:cursed_spirit_grade_36":2,"jujutsucraft:cursed_spirit_grade_318":1,"jujutsucraft:cursed_spirit_grade_317":2,"jujutsucraft:cursed_spirit_grade_315":1,"jujutsucraft:cursed_spirit_grade_316":1,"jujutsucraft:cursed_spirit_grade_34":1},"minecraft:mined":{"minecraft:white_carpet":2,"minecraft:grass_block":1,"minecraft:sand":6,"minecraft:packed_ice":1},"minecraft:custom":{"minecraft:time_since_rest":3716,"minecraft:sprint_one_cm":261184,"minecraft:damage_taken":1989,"minecraft:walk_one_cm":151340,"minecraft:mob_kills":18,"minecraft:drop":6,"minecraft:damage_dealt":957,"minecraft:fly_one_cm":465835,"minecraft:open_chest":6,"minecraft:crouch_one_cm":7797,"minecraft:play_time":20935,"minecraft:deaths":6,"minecraft:sneak_time":744,"minecraft:walk_under_water_one_cm":10095,"minecraft:interact_with_brewingstand":1,"minecraft:jump":674,"minecraft:damage_dealt_resisted":3263,"minecraft:leave_game":3,"minecraft:walk_on_water_one_cm":2867,"minecraft:time_since_death":3702,"minecraft:climb_one_cm":4890,"minecraft:total_world_time":20935,"minecraft:damage_resisted":207,"minecraft:fall_one_cm":14288},"minecraft:picked_up":{"jujutsucraft:nyoi_staff":1,"jujutsucraft:uniform_gojo_boots":1,"minecraft:salmon":8,"jujutsucraft:uniform_normal_boots":1,"minecraft:sand":6,"jujutsucraft:uniform_gojo_leggings":2,"minecraft:ink_sac":2,"minecraft:dirt":1,"minecraft:white_carpet":2,"minecraft:redstone_torch":1},"minecraft:used":{"minecraft:redstone_torch":1,"minecraft:golden_apple":1,"minecraft:dirt":1,"minecraft:sand":6},"minecraft:dropped":{"jujutsucraft:uniform_normal_leggings":1,"minecraft:ink_sac":2,"jujutsucraft:uniform_gojo_leggings":1,"jujutsucraft:uniform_normal_boots":1,"minecraft:salmon":6,"jujutsucraft:uniform_normal_chestplate":1}},"DataVersion":3465}