{"stats":{"minecraft:mined":{"minecraft:grass_block":1,"minecraft:sand":6,"minecraft:packed_ice":1},"minecraft:killed":{"jujutsucraft:transfigured_human_3":1,"jujutsucraft:cursed_spirit_grade_33":1,"jujutsucraft:cursed_spirit_grade_314":1,"jujutsucraft:cursed_spirit_grade_313":1,"jujutsucraft:cursed_spirit_grade_310":1,"jujutsucraft:cursed_spirit_grade_36":2,"jujutsucraft:cursed_spirit_grade_318":1,"jujutsucraft:cursed_spirit_grade_317":2,"jujutsucraft:cursed_spirit_grade_315":1,"jujutsucraft:cursed_spirit_grade_316":1,"jujutsucraft:cursed_spirit_grade_34":1},"minecraft:custom":{"minecraft:time_since_rest":4095,"minecraft:sprint_one_cm":185063,"minecraft:damage_taken":1518,"minecraft:walk_one_cm":104860,"minecraft:mob_kills":14,"minecraft:drop":6,"minecraft:damage_dealt":584,"minecraft:fly_one_cm":314404,"minecraft:crouch_one_cm":7382,"minecraft:play_time":15165,"minecraft:deaths":5,"minecraft:sneak_time":690,"minecraft:jump":446,"minecraft:damage_dealt_resisted":2014,"minecraft:leave_game":2,"minecraft:time_since_death":4075,"minecraft:total_world_time":15165,"minecraft:damage_resisted":61,"minecraft:fall_one_cm":9053},"minecraft:dropped":{"jujutsucraft:uniform_normal_leggings":1,"minecraft:ink_sac":2,"jujutsucraft:uniform_gojo_leggings":1,"jujutsucraft:uniform_normal_boots":1,"minecraft:salmon":6,"jujutsucraft:uniform_normal_chestplate":1},"minecraft:picked_up":{"jujutsucraft:uniform_gojo_boots":1,"minecraft:salmon":6,"jujutsucraft:uniform_normal_boots":1,"minecraft:sand":6,"jujutsucraft:uniform_gojo_leggings":2,"minecraft:ink_sac":2,"minecraft:dirt":1},"minecraft:used":{"minecraft:dirt":1,"minecraft:sand":6},"minecraft:killed_by":{"jujutsucraft:zenin_chojuro":1,"jujutsucraft:uraume":1,"jujutsucraft:mechamaru":1}},"DataVersion":3465}