{"stats":{"minecraft:killed_by":{"jujutsucraft:kechizu":2,"jujutsucraft:q":1,"jujutsucraft:zenin_chojuro":1,"jujutsucraft:cursed_spirit_grade_315":1,"jujutsucraft:cursed_spirit_grade_03":3,"jujutsucraft:yaga_masamichi":2,"jujutsucraft:cursed_spirit_grade_23":1,"jujutsucraft:cursed_spirit_grade_25":1},"minecraft:killed":{"minecraft:sheep":1,"jujutsucraft:cursed_spirit_grade_32":1,"jujutsucraft:fox_fire":1,"jujutsucraft:cursed_spirit_grade_39":3,"minecraft:wolf":1,"jujutsucraft:cursed_spirit_grade_33":7,"minecraft:pig":4,"jujutsucraft:crow":2,"jujutsucraft:cursed_spirit_grade_311":1,"minecraft:chicken":3,"jujutsucraft:slicing_exorcism":1,"minecraft:salmon":12,"jujutsucraft:cursed_spirit_grade_36":1,"minecraft:rabbit":2,"minecraft:bat":2,"jujutsucraft:cursed_spirit_grade_316":1,"jujutsucraft:cursed_spirit_grade_318":3,"jujutsucraft:cursed_spirit_grade_317":2,"jujutsucraft:cursed_spirit_grade_315":4,"jujutsucraft:cursed_spirit_grade_34":4,"minecraft:squid":4},"minecraft:mined":{"minecraft:large_fern":1,"minecraft:red_bed":1,"minecraft:redstone_torch":1,"minecraft:spruce_log":1,"minecraft:grass_block":2,"minecraft:sand":1},"minecraft:custom":{"minecraft:time_since_rest":37,"minecraft:sprint_one_cm":246212,"minecraft:damage_taken":4043,"minecraft:walk_one_cm":257146,"minecraft:mob_kills":64,"minecraft:drop":24,"minecraft:damage_dealt":1988,"minecraft:swim_one_cm":5012,"minecraft:fly_one_cm":442483,"minecraft:crouch_one_cm":7651,"minecraft:play_time":15992,"minecraft:deaths":13,"minecraft:sneak_time":1296,"minecraft:walk_under_water_one_cm":4457,"minecraft:jump":462,"minecraft:damage_dealt_resisted":3963,"minecraft:leave_game":2,"minecraft:time_since_death":22,"minecraft:walk_on_water_one_cm":3984,"minecraft:total_world_time":15992,"minecraft:damage_resisted":873,"minecraft:fall_one_cm":28098},"minecraft:picked_up":{"jujutsucraft:blindfold_bandage_helmet":2,"minecraft:spruce_leaves":2,"minecraft:stone":1,"minecraft:chicken":1,"jujutsucraft:item_insect":1,"minecraft:salmon":2,"jujutsucraft:uniform_normal_boots":1,"jujutsucraft:uniform_gojo_leggings":1,"jujutsucraft:uniform_normal_chestplate":1,"jujutsucraft:uniform_gojo_chestplate":2,"minecraft:ink_sac":3,"minecraft:red_bed":1,"minecraft:dirt":2,"jujutsucraft:uniform_normal_leggings":1,"minecraft:rabbit_hide":2,"minecraft:redstone_torch":1,"minecraft:rabbit":3},"minecraft:used":{"minecraft:rabbit":1,"minecraft:chicken":1},"minecraft:dropped":{"minecraft:rabbit_hide":2,"minecraft:dirt":2,"jujutsucraft:uniform_gojo_boots":1,"jujutsucraft:item_insect":2,"jujutsucraft:uniform_normal_leggings":2,"minecraft:ink_sac":3,"jujutsucraft:uniform_gojo_leggings":2,"minecraft:redstone_torch":1,"jujutsucraft:blindfold_bandage_helmet":3,"jujutsucraft:uniform_normal_boots":2,"minecraft:salmon":2,"jujutsucraft:uniform_normal_chestplate":2,"jujutsucraft:uniform_gojo_chestplate":3,"minecraft:spruce_leaves":2}},"DataVersion":3465}