{"stats":{"minecraft:mined":{"minecraft:large_fern":1,"minecraft:spruce_log":1,"minecraft:grass_block":2,"minecraft:sand":1},"minecraft:killed":{"minecraft:sheep":1,"jujutsucraft:cursed_spirit_grade_32":1,"jujutsucraft:cursed_spirit_grade_39":2,"minecraft:wolf":1,"jujutsucraft:cursed_spirit_grade_33":4,"minecraft:pig":4,"jujutsucraft:cursed_spirit_grade_311":1,"minecraft:chicken":3,"jujutsucraft:slicing_exorcism":1,"minecraft:salmon":11,"jujutsucraft:cursed_spirit_grade_36":1,"minecraft:bat":1,"jujutsucraft:cursed_spirit_grade_318":2,"jujutsucraft:cursed_spirit_grade_317":2,"jujutsucraft:cursed_spirit_grade_315":4,"jujutsucraft:cursed_spirit_grade_34":1,"minecraft:squid":4},"minecraft:custom":{"minecraft:time_since_rest":309,"minecraft:sprint_one_cm":119772,"minecraft:damage_taken":1644,"minecraft:walk_one_cm":172830,"minecraft:mob_kills":45,"minecraft:drop":22,"minecraft:damage_dealt":1027,"minecraft:swim_one_cm":5012,"minecraft:fly_one_cm":242476,"minecraft:crouch_one_cm":4485,"minecraft:play_time":10487,"minecraft:deaths":6,"minecraft:sneak_time":933,"minecraft:walk_under_water_one_cm":4457,"minecraft:jump":230,"minecraft:damage_dealt_resisted":2269,"minecraft:leave_game":1,"minecraft:walk_on_water_one_cm":2986,"minecraft:time_since_death":298,"minecraft:total_world_time":10487,"minecraft:damage_resisted":122,"minecraft:fall_one_cm":12018},"minecraft:dropped":{"minecraft:dirt":2,"jujutsucraft:uniform_gojo_boots":1,"jujutsucraft:item_insect":2,"jujutsucraft:uniform_normal_leggings":2,"minecraft:ink_sac":3,"jujutsucraft:uniform_gojo_leggings":2,"jujutsucraft:blindfold_bandage_helmet":3,"jujutsucraft:uniform_normal_boots":2,"minecraft:salmon":2,"jujutsucraft:uniform_normal_chestplate":2,"jujutsucraft:uniform_gojo_chestplate":3,"minecraft:spruce_leaves":2},"minecraft:picked_up":{"jujutsucraft:blindfold_bandage_helmet":2,"minecraft:spruce_leaves":2,"minecraft:chicken":1,"jujutsucraft:item_insect":1,"minecraft:salmon":2,"jujutsucraft:uniform_normal_boots":1,"jujutsucraft:uniform_gojo_leggings":1,"jujutsucraft:uniform_normal_chestplate":1,"jujutsucraft:uniform_gojo_chestplate":2,"minecraft:ink_sac":3,"minecraft:dirt":2,"jujutsucraft:uniform_normal_leggings":1,"minecraft:rabbit_hide":2,"minecraft:rabbit":3},"minecraft:killed_by":{"jujutsucraft:q":1,"jujutsucraft:zenin_chojuro":1,"jujutsucraft:cursed_spirit_grade_315":1,"jujutsucraft:yaga_masamichi":2}},"DataVersion":3465}